{
  "openapi": "3.0.3",
  "info": {
    "title": "API de Autores",
    "version": "1.0.0"
  },
  "paths": {
    "/autores": {
      "post": {
        "summary": "Criar novo autor",
        "requestBody": {
          "required": true,
          "content": {
            "application/json": {
              "schema": {
                "$ref": "#/components/schemas/AutorDTO"
              }
            }
          }
        },
        "responses": {
          "201": {
            "description": "Criado com sucesso"
          },
          "409": {
            "description": "Autor j\u00e1 existe"
          }
        }
      },
      "get": {
        "summary": "Pesquisar autores por nome e/ou nacionalidade",
        "parameters": [
          {
            "name": "nome",
            "in": "query",
            "required": false,
            "schema": {
              "type": "string"
            }
          },
          {
            "name": "nacionalidade",
            "in": "query",
            "required": false,
            "schema": {
              "type": "string"
            }
          }
        ],
        "responses": {
          "200": {
            "description": "Lista de autores",
            "content": {
              "application/json": {
                "schema": {
                  "type": "array",
                  "items": {
                    "$ref": "#/components/schemas/AutorDTO"
                  }
                }
              }
            }
          }
        }
      }
    },
    "/autores/{id}": {
      "get": {
        "summary": "Obter detalhes de um autor por ID",
        "parameters": [
          {
            "name": "id",
            "in": "path",
            "required": true,
            "schema": {
              "type": "string",
              "format": "uuid"
            }
          }
        ],
        "responses": {
          "200": {
            "description": "Autor encontrado",
            "content": {
              "application/json": {
                "schema": {
                  "$ref": "#/components/schemas/AutorDTO"
                }
              }
            }
          },
          "404": {
            "description": "Autor n\u00e3o encontrado"
          }
        }
      },
      "put": {
        "summary": "Atualizar dados de um autor",
        "parameters": [
          {
            "name": "id",
            "in": "path",
            "required": true,
            "schema": {
              "type": "string",
              "format": "uuid"
            }
          }
        ],
        "requestBody": {
          "required": true,
          "content": {
            "application/json": {
              "schema": {
                "$ref": "#/components/schemas/AutorDTO"
              }
            }
          }
        },
        "responses": {
          "204": {
            "description": "Atualizado com sucesso"
          },
          "404": {
            "description": "Autor n\u00e3o encontrado"
          },
          "409": {
            "description": "Autor duplicado"
          }
        }
      },
      "delete": {
        "summary": "Remover autor por ID",
        "parameters": [
          {
            "name": "id",
            "in": "path",
            "required": true,
            "schema": {
              "type": "string",
              "format": "uuid"
            }
          }
        ],
        "responses": {
          "204": {
            "description": "Autor deletado"
          },
          "404": {
            "description": "Autor n\u00e3o encontrado"
          },
          "400": {
            "description": "Opera\u00e7\u00e3o n\u00e3o permitida"
          }
        }
      }
    }
  },
  "components": {
    "schemas": {
      "AutorDTO": {
        "type": "object",
        "properties": {
          "id": {
            "type": "string",
            "format": "uuid"
          },
          "nome": {
            "type": "string"
          },
          "dataNascimento": {
            "type": "string",
            "format": "date"
          },
          "nacionalidade": {
            "type": "string"
          }
        }
      }
    }
  }
}